{
  "fps": 30,
  "exposureFps": 150,
  "iso": 900,
  "focusDistance": 2.2,
  "torch": false,
  "cameraMatrix": [
    1121.1522216796875,
    0,
    649.2800903320312,
    0,
    1121.1522216796875,
    431.84375,
    0,
    0,
    1
  ],
  "distCoeffs": [
    0.20940789580345154,
    -0.494929701089859,
    0,
    0,
    0
  ]
}